id;nom_gestionnaire;post_gestionnaire;numero_gestionnaire;email_gestionnaire
1;a encoding;copy;b Lesotho purple;Account Chips orchid
2;Borders Shirt;SCSI;Intuitive distributed;convergence solid Keyboard
3;Czech hacking;synthesizing Buckinghamshire;Chauss√©e-d'Antin Pants payment;US calculate channels
4;Savings Mandatory;Account revolutionize de;Languedoc-Roussillon multi-byte Sleek;payment didactic
5;program;bypassing;CSS;Krona Fantastic Savings
6;Lorraine static Optional;THX paradigms;Reactive Borders c;Sleek PCI withdrawal
7;framework;Ingenieur magnetic back-end;Toys Chili;Afghanistan
8;Computer c;Cambridgeshire;Chair;Horizontal Account c
9;extend invoice;EXE Centralized;24/7;interfaces b
10;Australian Sudanese Steel;Directeur 1080p;deliver quantifying;Directeur Richelieu
