id;numero_reservation;heure_debut;heure_fin
1;57186;navigate;Rh√¥ne-Alpes Yuan
2;90715;SQL intangible;revolutionize reboot parsing
3;47926;withdrawal interfaces white;Account Dominique
4;67013;experiences open-source Fish;value-added
5;3114;Granite;Account reboot matrix
6;44378;IB;Cambridgeshire transmitting
7;24733;ivory Bedfordshire;Multi-lateral magenta SCSI
8;69144;program Shoes Borders;Health port Fantastic
9;48326;Vision-oriented;Incredible digital holistic
10;58940;cross-platform convergence;Limousin copy
